Date,Adj Close,Close,High,Low,Open,Volume,Returns,Log_Returns
2024-07-16,1622.454833984375,1726.050048828125,1737.9000244140625,1700.0,1718.5999755859375,6886281,0.011130295650522815,0.011068809726883509
2024-07-18,1652.5341796875,1758.050048828125,1765.4000244140625,1719.0,1719.0,11248896,0.01853940403953014,0.018369644242221768
2024-07-19,1685.339599609375,1792.949951171875,1844.0,1786.449951171875,1844.0,29819116,0.019851583298615028,0.019657110139086484
2024-07-22,1702.165283203125,1810.8499755859375,1823.0,1792.949951171875,1800.1500244140625,8462126,0.009983556784430858,0.00993405030918615
2024-07-23,1726.6517333984375,1836.9000244140625,1839.949951171875,1783.25,1810.0,7113056,0.014385471514983594,0.01428298235356727
2024-07-24,1723.878662109375,1833.949951171875,1842.3499755859375,1819.5999755859375,1837.5,6002845,-0.0016060397330992515,-0.0016073307974303062
2024-07-25,1715.3248291015625,1824.8499755859375,1830.9000244140625,1812.0,1820.0,5815599,-0.0049619693055112934,-0.004974320750472563
2024-07-26,1766.1309814453125,1878.9000244140625,1883.0,1825.3499755859375,1825.3499755859375,11369047,0.02961896865351199,0.029188800453219366
2024-07-29,1758.799072265625,1871.0999755859375,1903.0,1864.0,1893.5999755859375,4635931,-0.004151396049735467,-0.004160037017327154
2024-07-30,1764.4859619140625,1877.1500244140625,1879.949951171875,1860.0,1871.0999755859375,2721265,0.0032333935911803557,0.003228177415065093
2024-07-31,1756.1202392578125,1868.25,1885.1500244140625,1865.050048828125,1877.0,5004209,-0.00474116702361016,-0.004752442007821346
2024-08-01,1741.4095458984375,1852.5999755859375,1867.9000244140625,1845.0999755859375,1856.0999755859375,7475014,-0.008376814429057688,-0.008412097114885131
2024-08-02,1711.8939208984375,1821.199951171875,1859.5,1816.1500244140625,1843.0,7400938,-0.01694927254161349,-0.0170945554275006
2024-08-05,1646.7532958984375,1751.9000244140625,1797.5,1718.550048828125,1784.949951171875,10736703,-0.038051788259060415,-0.03879466371465686
2024-08-06,1646.0013427734375,1751.0999755859375,1796.949951171875,1744.8499755859375,1760.199951171875,7690163,-0.00045662767268961346,-0.0004567319588531869
2024-08-07,1684.1175537109375,1791.6500244140625,1797.9000244140625,1762.0999755859375,1796.0,5094329,0.02315685288158753,0.02289280159116555
2024-08-08,1638.528564453125,1743.1500244140625,1779.949951171875,1727.0999755859375,1779.949951171875,6227910,-0.027069956700681352,-0.027443097326114947
2024-08-09,1664.4720458984375,1770.75,1780.75,1756.0,1771.25,4258524,0.01583340199746308,0.01570936129907067
2024-08-12,1689.5223388671875,1797.4000244140625,1803.5,1768.0999755859375,1773.050048828125,4315329,0.015049993197830291,0.014937865662892215
2024-08-13,1689.5694580078125,1797.449951171875,1810.0,1789.050048828125,1810.0,4176918,2.7889030846717233e-05,2.7888641954926976e-05
2024-08-14,1713.821044921875,1823.25,1825.0,1797.449951171875,1802.0,7450718,0.014353708158679535,0.014251668957912573
2024-08-16,1747.3782958984375,1858.949951171875,1861.8499755859375,1829.5,1850.0,7335657,0.019580370468663677,0.019391141146054724
2024-08-19,1752.8773193359375,1864.800048828125,1867.550048828125,1849.199951171875,1860.0,2585989,0.003147013700701029,0.0031420722176471344
2024-08-20,1759.8330078125,1872.199951171875,1885.699951171875,1868.199951171875,1880.0,3870333,0.003968154758940967,0.003960302398910717
2024-08-21,1760.302978515625,1872.699951171875,1879.0,1867.0999755859375,1875.0999755859375,1966902,0.0002670541472051813,0.00026701849459372215
2024-08-22,1767.3997802734375,1880.25,1893.6500244140625,1869.699951171875,1884.0,4300287,0.00403157970214707,0.004023474661475002
2024-08-23,1750.3392333984375,1862.0999755859375,1882.5999755859375,1857.0,1878.199951171875,5015935,-0.009652907658707854,-0.009699798974195194
2024-08-26,1763.5460205078125,1876.1500244140625,1888.75,1864.0,1870.0,3728589,0.007545272857612195,0.007516949667937471
2024-08-27,1786.0584716796875,1900.0999755859375,1902.75,1873.9000244140625,1876.1500244140625,3830679,0.012765445817735088,0.012684654347220674
2024-08-28,1822.7177734375,1939.0999755859375,1951.0,1897.4000244140625,1906.9000244140625,6514531,0.0205252528621509,0.020317448539401553
2024-08-29,1817.3128662109375,1933.3499755859375,1950.5,1920.9000244140625,1933.0,7228284,-0.002965301214114646,-0.0029697064304441087
2024-08-30,1827.0416259765625,1943.699951171875,1950.0,1928.0,1938.0,13466759,0.005353376375917707,0.005339097992312312
2024-09-02,1846.5933837890625,1964.5,1975.75,1942.800048828125,1943.3499755859375,5573739,0.01070132039386329,0.010644466512846899
2024-09-03,1824.7388916015625,1941.25,1967.0,1936.449951171875,1967.0,4694322,-0.011835032216272912,-0.011905623731429478
2024-09-04,1807.0670166015625,1922.449951171875,1927.199951171875,1900.050048828125,1921.0999755859375,4778310,-0.009684604784462869,-0.009731805563865926
2024-09-05,1817.1248779296875,1933.1500244140625,1940.0,1909.5999755859375,1926.25,4081810,0.005565848546690955,0.005550416447007673
2024-09-06,1787.7034912109375,1901.8499755859375,1936.5,1896.8499755859375,1922.0,5848106,-0.01619117490277877,-0.016323684243138865
2024-09-09,1780.9356689453125,1894.6500244140625,1920.8499755859375,1889.0,1890.0,4772612,-0.003785763298499112,-0.0037929474377407756
2024-09-10,1797.5263671875,1912.300048828125,1935.0,1896.0,1904.9000244140625,6909600,0.009315720119196014,0.009272596410576041
2024-09-11,1795.50537109375,1910.1500244140625,1926.0,1905.0,1914.699951171875,5312946,-0.0011243206946177642,-0.0011249532172799303
2024-09-12,1833.386474609375,1950.449951171875,1956.4000244140625,1910.800048828125,1925.0,8555092,0.021097738901526775,0.020878263201746097
2024-09-13,1827.4176025390625,1944.0999755859375,1958.5999755859375,1935.6500244140625,1950.449951171875,3843127,-0.0032556540331106776,-0.0032609652053948984
2024-09-16,1833.198486328125,1950.25,1952.0,1933.050048828125,1945.75,1570181,0.0031634169338361495,0.003158423857837031
2024-09-17,1835.3604736328125,1952.550048828125,1958.449951171875,1942.1500244140625,1947.75,2793127,0.0011793525473708932,0.0011786576574485373
2024-09-18,1778.585693359375,1892.1500244140625,1938.75,1881.300048828125,1938.75,6385468,-0.030933858001780168,-0.03142241142474293
2024-09-19,1780.512451171875,1894.199951171875,1924.9000244140625,1878.800048828125,1910.5999755859375,7976570,0.0010833089570516652,0.001082722601334844
2024-09-20,1791.3695068359375,1905.75,1915.0,1867.4000244140625,1905.0,15242974,0.006097713979431374,0.006079198152896353
2024-09-23,1782.6275634765625,1896.449951171875,1918.9000244140625,1878.449951171875,1909.0,3636672,-0.004880033586602495,-0.004891979831737305
2024-09-24,1784.6485595703125,1898.5999755859375,1910.9000244140625,1871.4000244140625,1888.0,7277616,0.001133717516298649,0.00113307534391083
2024-09-25,1781.546630859375,1895.300048828125,1901.5999755859375,1876.800048828125,1886.3499755859375,4268341,-0.0017381173981303455,-0.0017396296767744526
2024-09-26,1786.199462890625,1900.25,1917.949951171875,1893.0,1897.800048828125,8952803,0.0026116813058132404,0.002608276792572426
2024-09-27,1792.3094482421875,1906.75,1974.5999755859375,1903.300048828125,1932.0999755859375,14908931,0.003420662405571706,0.003414825247435973
2024-09-30,1763.0289306640625,1875.5999755859375,1901.25,1870.5,1880.0,6986955,-0.01633675345897545,-0.016471669628609815
2024-10-01,1790.053466796875,1904.3499755859375,1908.949951171875,1875.0,1875.0,4029072,0.015328470034030373,0.015212175938527238
2024-10-03,1779.7606201171875,1893.4000244140625,1911.8499755859375,1881.0,1889.5,7503887,-0.005750021924264437,-0.0057666169453953085
2024-10-04,1803.025146484375,1918.1500244140625,1954.0999755859375,1886.0,1889.550048828125,10001483,0.013071716557958135,0.012987018967876827
2024-10-07,1818.2059326171875,1934.300048828125,1942.0,1916.050048828125,1923.199951171875,6112575,0.008419619749848062,0.008384372459143082
2024-10-08,1831.6007080078125,1948.550048828125,1957.949951171875,1906.3499755859375,1937.9000244140625,5637391,0.007367028756387395,0.007340024745153509
2024-10-09,1835.5484619140625,1952.75,1977.0,1945.0999755859375,1952.550048828125,4857163,0.0021553572724613,0.0021530378222067077
2024-10-10,1803.82421875,1919.0,1964.0,1914.0999755859375,1957.9000244140625,4782119,-0.01728325011423626,-0.017434348998902442
2024-10-11,1818.957763671875,1935.0999755859375,1947.0,1910.0999755859375,1918.0,4709431,0.008389700484430884,0.00835470255914887
2024-10-14,1841.32958984375,1958.9000244140625,1969.5,1931.0999755859375,1932.1500244140625,3751378,0.012299255441046375,0.012224234110144352
2024-10-15,1841.70556640625,1959.300048828125,1991.449951171875,1951.75,1960.0,5353705,0.00020418754174911236,0.000204166698310275
2024-10-16,1804.858154296875,1920.0999755859375,1959.550048828125,1916.3499755859375,1955.0,3111512,-0.020007221991122037,-0.02021007672336941
2024-10-17,1849.9771728515625,1968.0999755859375,1978.0,1930.1500244140625,1935.199951171875,8162822,0.024998650695774227,0.024691296195138445
2024-10-18,1766.788818359375,1879.5999755859375,1936.8499755859375,1869.25,1893.800048828125,10526196,-0.04496723295453453,-0.04600962804764493
2024-10-21,1741.5504150390625,1852.75,1898.800048828125,1838.0,1891.0999755859375,4654601,-0.014284900978572379,-0.014387912358238063
2024-10-22,1740.4693603515625,1851.5999755859375,1877.800048828125,1846.949951171875,1858.199951171875,4125240,-0.0006207426889078826,-0.0006209354294164339
2024-10-23,1760.9609375,1873.4000244140625,1886.0,1844.0,1845.25,4311910,0.011773592580968106,0.011704823089528091
2024-10-24,1751.5142822265625,1863.3499755859375,1884.0,1860.0,1861.4000244140625,2906475,-0.005364488826679281,-0.005378929364086063
2024-10-25,1750.292236328125,1862.050048828125,1876.3499755859375,1846.4000244140625,1863.449951171875,4689120,-0.0006977082121671918,-0.0006979517238151603
2024-10-28,1753.394287109375,1865.3499755859375,1881.9000244140625,1857.0,1859.699951171875,7018940,0.0017723044854256464,0.0017707358070081654
2024-10-29,1748.59326171875,1839.300048828125,1851.5999755859375,1829.0,1846.0,4621252,-0.002738132219273881,-0.002741887760310818
2024-10-30,1713.2276611328125,1802.0999755859375,1839.0,1796.3499755859375,1832.0,5919715,-0.02022517263458712,-0.020432501712705844
2024-10-31,1670.589599609375,1757.25,1787.9000244140625,1746.5,1787.9000244140625,7395236,-0.024887563101359533,-0.025202494737076427
2024-11-01,1674.011962890625,1760.8499755859375,1766.0,1752.050048828125,1764.5,371966,0.00204859606575436,0.002046500554250422
2024-11-04,1676.674072265625,1763.6500244140625,1767.0,1718.0,1724.5,7336722,0.001590257079407742,0.0015889939595646416
2024-11-05,1667.68994140625,1754.199951171875,1768.449951171875,1745.0,1760.0,3160880,-0.005358304877485898,-0.005372712081573769
2024-11-06,1733.762451171875,1823.699951171875,1827.199951171875,1762.6500244140625,1764.0,10421494,0.0396191810750568,0.038854474052713875
2024-11-07,1714.1309814453125,1803.050048828125,1825.699951171875,1787.0,1812.949951171875,4550965,-0.011323044695825124,-0.011387638427783543
2024-11-08,1739.704345703125,1829.949951171875,1840.5999755859375,1813.1500244140625,1818.0,4210960,0.01491914243114012,0.014808946691096263
2024-11-11,1768.367431640625,1860.0999755859375,1868.0,1822.550048828125,1829.0,3804234,0.016475837407829985,0.016341583422858887
2024-11-12,1776.638427734375,1868.800048828125,1881.0,1861.0,1871.0999755859375,5012450,0.004677193181553019,0.0046662891006336365
2024-11-13,1776.2581787109375,1868.4000244140625,1873.199951171875,1856.300048828125,1861.0999755859375,4257495,-0.00021402724240426885,-0.0002140501495030682
2024-11-14,1772.5980224609375,1864.550048828125,1876.0,1856.0,1865.5999755859375,4311431,-0.002060599238257299,-0.002062725193864705
2024-11-18,1722.1165771484375,1811.449951171875,1849.199951171875,1795.0,1849.199951171875,4839244,-0.02847878914048174,-0.028892177300028597
2024-11-19,1734.7607421875,1824.75,1859.699951171875,1820.550048828125,1825.5,4669769,0.007342223637379686,0.007315400726596499
2024-11-21,1743.6021728515625,1834.050048828125,1867.0,1820.5999755859375,1842.0,5436504,0.005096628283686844,0.005083684435117088
2024-11-22,1808.4388427734375,1902.25,1914.050048828125,1834.0,1854.0999755859375,6301486,0.037185472082681637,0.03651076772222516
2024-11-25,1796.507568359375,1889.699951171875,1919.300048828125,1882.0,1916.0,12764638,-0.006597554825666374,-0.006619414892212538
2024-11-26,1829.2587890625,1924.1500244140625,1938.5999755859375,1897.300048828125,1904.949951171875,6850495,0.01823049414316369,0.01806631110772222
2024-11-27,1829.591552734375,1924.5,1941.4000244140625,1911.75,1930.0999755859375,4447143,0.00018191175238002621,0.00018189520844352647
2024-11-28,1765.087646484375,1856.6500244140625,1914.9000244140625,1851.6500244140625,1914.9000244140625,8468790,-0.035255905151943434,-0.035892399497309636
2024-11-29,1766.2283935546875,1857.8499755859375,1877.0,1845.0,1851.0999755859375,5244346,0.0006462835273843837,0.0006460747761223251
2024-12-02,1787.095947265625,1879.800048828125,1882.800048828125,1835.199951171875,1859.0,2868263,0.011814753848985449,0.011745504553320504
2024-12-03,1798.789306640625,1892.0999755859375,1899.75,1871.1500244140625,1887.0,4715792,0.006543218562434561,0.006521904631807823
2024-12-04,1796.0799560546875,1889.25,1913.949951171875,1875.0,1884.0,4705573,-0.001506207856548425,-0.0015073433279158117
2024-12-05,1839.4310302734375,1934.8499755859375,1949.9000244140625,1888.949951171875,1900.0,9050038,0.024136494632441607,0.023849813273748747
2024-12-06,1827.5950927734375,1922.4000244140625,1937.949951171875,1912.4000244140625,1932.800048828125,3573331,-0.006434564441505919,-0.006455355486817497
2024-12-09,1828.783447265625,1923.6500244140625,1930.199951171875,1897.199951171875,1924.199951171875,4274645,0.0006502285418068521,0.0006500172348221553
2024-12-10,1852.45556640625,1948.550048828125,1965.5999755859375,1932.0,1939.0,6174921,0.012944189305748255,0.01286112928259922
2024-12-11,1876.79296875,1974.1500244140625,1978.0,1952.0,1955.0,5025612,0.013137914228606551,0.013052360351775264
2024-12-12,1889.00927734375,1987.0,1998.800048828125,1970.550048828125,1975.199951171875,6462130,0.006509140217999976,0.006488047246738629
2024-12-13,1901.0830078125,1999.699951171875,2006.449951171875,1953.800048828125,1969.75,5362693,0.006391567587072711,0.006371228140257041
2024-12-16,1882.402099609375,1980.050048828125,1999.5999755859375,1977.5999755859375,1995.449951171875,3119221,-0.00982645582878594,-0.009875054073609748
2024-12-17,1879.1220703125,1976.5999755859375,1982.0,1958.0,1968.0,5811050,-0.0017424700586318176,-0.00174398992538925
2024-12-18,1881.54638671875,1979.1500244140625,1984.949951171875,1961.5999755859375,1966.800048828125,3064095,0.0012901324743883613,0.0012893009685792213
2024-12-19,1850.2213134765625,1946.199951171875,1959.75,1920.0,1934.0,5323592,-0.01664857877717041,-0.016788724021662812
2024-12-20,1827.3575439453125,1922.1500244140625,1979.949951171875,1911.25,1975.1500244140625,11056720,-0.012357316049013134,-0.012434302567597146
2024-12-23,1829.4013671875,1924.300048828125,1940.0,1909.0,1930.050048828125,2781793,0.001118458316468729,0.0011178333079531276
2024-12-24,1814.9034423828125,1909.050048828125,1942.0,1840.0,1927.050048828125,2360544,-0.007924955706672732,-0.007956525069301371
2024-12-26,1813.3348388671875,1907.4000244140625,1919.75,1902.300048828125,1909.050048828125,3623321,-0.000864290341289764,-0.0008646640555340448
2024-12-27,1822.2237548828125,1916.75,1924.1500244140625,1903.9000244140625,1909.4000244140625,3937500,0.004901971674011518,0.004889996130769045
2024-12-30,1812.00390625,1906.0,1916.0,1886.5,1915.699951171875,7789055,-0.005608448800772936,-0.005624235202233897
2024-12-31,1787.2860107421875,1880.0,1897.0,1845.050048828125,1892.300048828125,3613063,-0.013641193279194996,-0.013735089235976545
2025-01-01,1789.6627197265625,1882.5,1892.949951171875,1874.0,1874.0,1838368,0.0013297865982782042,0.0013289032151337125
2025-01-02,1861.296875,1957.8499755859375,1962.6500244140625,1885.300048828125,1887.0,7083645,0.04002662316415817,0.0392463120219334
2025-01-03,1843.1387939453125,1938.75,1952.949951171875,1922.0,1952.949951171875,6218003,-0.009755607124568688,-0.009803504828450788
2025-01-06,1842.283203125,1937.8499755859375,1973.0,1928.0,1952.0,7164403,-0.0004642031425539095,-0.00046431091818717024
2025-01-07,1835.6282958984375,1930.8499755859375,1958.550048828125,1923.6500244140625,1945.0,4294832,-0.0036123149878770633,-0.003618855152503031
2025-01-08,1837.81494140625,1933.1500244140625,1938.5999755859375,1888.75,1930.0,5482050,0.001191224559295767,0.0011905156142730602
2025-01-09,1822.7467041015625,1917.300048828125,1951.8499755859375,1910.550048828125,1934.050048828125,6833503,-0.008198995973532353,-0.008232792600062372
2025-01-10,1869.9478759765625,1966.949951171875,1977.800048828125,1932.25,1937.0,8036913,0.025895628706274598,0.025566015166956144
2025-01-13,1865.4322509765625,1962.199951171875,1982.800048828125,1949.0,1956.0,5804152,-0.0024148400380634705,-0.0024177604667943568
2025-01-14,1844.374755859375,1940.050048828125,1971.800048828125,1931.0999755859375,1968.8499755859375,5792162,-0.011288265819444199,-0.011352461857219085
2025-01-15,1853.501220703125,1949.6500244140625,1958.050048828125,1937.0999755859375,1947.0,2985439,0.004948270309358849,0.004936067857297118
2025-01-16,1833.3466796875,1928.449951171875,1966.949951171875,1916.8499755859375,1965.949951171875,7533579,-0.01087376732774925,-0.010933318828609115
2025-01-17,1725.9193115234375,1815.449951171875,1858.0,1812.0,1851.0,16409953,-0.058596319700087385,-0.0603832406325598
2025-01-20,1723.87548828125,1813.300048828125,1827.949951171875,1793.1500244140625,1822.949951171875,4333011,-0.001184193970448999,-0.0011848956821587091
2025-01-21,1711.896728515625,1800.699951171875,1831.6500244140625,1793.050048828125,1819.050048828125,7169109,-0.006948738378760866,-0.006972993287270814
2025-01-22,1764.8974609375,1856.449951171875,1865.800048828125,1805.1500244140625,1807.4000244140625,8373913,0.030960239329291595,0.030490639140141735
2025-01-23,1773.45361328125,1865.449951171875,1879.550048828125,1852.699951171875,1858.0,5907471,0.004847960027776876,0.004836246512077022
2025-01-24,1782.96044921875,1875.449951171875,1894.9000244140625,1864.25,1865.5,4887027,0.005360634113181328,0.005346317057008528
2025-01-27,1732.1463623046875,1822.0,1863.0,1812.0,1848.75,7652371,-0.028499839655068082,-0.02891384511583251
2025-01-28,1739.5142822265625,1829.75,1863.5,1824.9000244140625,1830.0,6999495,0.004253635883327833,0.00424461474691945
2025-01-29,1788.474365234375,1881.25,1888.6500244140625,1840.5,1845.0,5145155,0.028145835597937152,0.027757020393427527
2025-01-30,1768.224853515625,1859.949951171875,1887.199951171875,1844.0,1873.1500244140625,7336056,-0.011322226425144355,-0.011386810786016674
2025-01-31,1787.095947265625,1879.800048828125,1897.449951171875,1871.0,1871.0,5820470,0.010672338256347835,0.010615790827484704
2025-02-01,1760.0489501953125,1851.3499755859375,1890.5999755859375,1846.0,1880.300048828125,1701402,-0.015134608251837989,-0.01525030527231375
2025-02-03,1771.40966796875,1863.300048828125,1876.550048828125,1832.4000244140625,1836.0,4823228,0.006454773756250809,0.006434030916505417
2025-02-04,1805.158935546875,1898.800048828125,1911.199951171875,1875.0,1889.0,7334787,0.019052209202868875,0.01887298865219365
2025-02-05,1803.4952392578125,1897.050048828125,1919.699951171875,1894.300048828125,1906.0,4996744,-0.0009216342430028446,-0.000922059208970638
2025-02-06,1821.1781005859375,1915.6500244140625,1924.0,1900.0,1917.0,4765255,0.009804772944896678,0.009757018055489479
2025-02-07,1809.769775390625,1903.6500244140625,1923.699951171875,1889.449951171875,1919.300048828125,4126260,-0.006264255643993355,-0.006283958418621905
2025-02-10,1787.5712890625,1880.300048828125,1905.0,1878.5999755859375,1905.0,3828734,-0.012265917261953141,-0.0123417644870988
2025-02-11,1783.1507568359375,1875.6500244140625,1903.0,1870.0,1883.0999755859375,4411601,-0.00247292639661989,-0.0024759891294185436
2025-02-12,1771.26708984375,1863.1500244140625,1894.5999755859375,1847.0,1885.0,5633947,-0.006664420799323834,-0.006686727213074511
2025-02-13,1752.3485107421875,1843.25,1873.5,1835.6500244140625,1868.5,5237744,-0.010680816693337536,-0.010738266052863984
2025-02-14,1764.849853515625,1856.4000244140625,1859.300048828125,1828.3499755859375,1854.0,5292961,0.007134050502398459,0.0071087235486176825
2025-02-17,1751.4453125,1842.300048828125,1852.75,1822.1500244140625,1838.550048828125,4428956,-0.00759528692422351,-0.007624278006303962
2025-02-18,1760.619384765625,1851.949951171875,1861.6500244140625,1837.5999755859375,1842.300048828125,4365260,0.005238000981332425,0.005224330371192229
2025-02-19,1721.498779296875,1810.800048828125,1849.199951171875,1805.9000244140625,1847.4000244140625,4611411,-0.022219797082353332,-0.022470375598450335
2025-02-20,1735.14111328125,1825.1500244140625,1831.0,1805.550048828125,1805.550048828125,2218020,0.007924684088330913,0.00789344869129725
2025-02-21,1725.49169921875,1815.0,1829.8499755859375,1806.199951171875,1821.800048828125,3379879,-0.005561169629744067,-0.005576690503122388
2025-02-24,1677.1016845703125,1764.0999755859375,1808.0,1750.25,1800.050048828125,7594720,-0.02804418860452762,-0.02844493708239632
2025-02-25,1680.524169921875,1767.699951171875,1778.449951171875,1745.1500244140625,1745.1500244140625,5092963,0.0020407142769278686,0.0020386348480806865
2025-02-27,1677.2918701171875,1764.300048828125,1775.8499755859375,1751.0999755859375,1755.199951171875,5757079,-0.0019233878706057528,-0.0019252399562899474
2025-02-28,1604.469482421875,1687.699951171875,1755.0999755859375,1682.449951171875,1755.050048828125,12182167,-0.04341664619779295,-0.04438734930674167
2025-03-03,1624.3387451171875,1708.5999755859375,1728.5999755859375,1692.300048828125,1692.300048828125,7504969,0.012383696239158581,0.012307645488791158
2025-03-04,1605.0399169921875,1688.300048828125,1699.0,1670.0,1695.0,6759673,-0.011881036626758323,-0.011952180210251616
2025-03-05,1627.0958251953125,1711.5,1732.949951171875,1692.449951171875,1692.449951171875,8180782,0.013741657119940909,0.013648096692231304
2025-03-06,1631.231201171875,1715.8499755859375,1722.300048828125,1691.0999755859375,1715.0,10610547,0.0025415687954739585,0.002538344471574703
2025-03-07,1602.853271484375,1686.0,1705.0,1675.5,1703.0999755859375,8019331,-0.017396632474362517,-0.01754973209527189
2025-03-10,1617.5413818359375,1701.449951171875,1719.0,1676.199951171875,1686.0,7558981,0.009163727343526551,0.009121995148672882
2025-03-11,1579.6566162109375,1661.5999755859375,1680.0,1637.050048828125,1680.0,12671234,-0.02342120334627862,-0.023699838983144688
2025-03-12,1512.3958740234375,1590.8499755859375,1636.9000244140625,1563.800048828125,1636.9000244140625,14870008,-0.04257934382526485,-0.043512426974734286
2025-03-13,1501.9381103515625,1579.8499755859375,1606.050048828125,1570.300048828125,1599.25,7822888,-0.006914699948270875,-0.006938717265017186
2025-03-17,1511.63525390625,1590.050048828125,1594.0,1545.1500244140625,1545.1500244140625,7526032,0.00645642019990933,0.00643566679956222
2025-03-18,1511.63525390625,1590.050048828125,1590.050048828125,1590.050048828125,1590.050048828125,0,0.0,0.0
2025-03-19,1508.307861328125,1586.550048828125,1603.0,1572.800048828125,1603.0,7387068,-0.002201187468687693,-0.00220361364278704
2025-03-20,1535.877685546875,1615.550048828125,1631.9000244140625,1592.0,1592.0,7186750,0.01827864517955491,0.01811359892536119
2025-03-21,1514.011962890625,1592.550048828125,1603.9000244140625,1563.6500244140625,1577.949951171875,10074677,-0.014236630209562784,-0.014338943252277365
2025-03-24,1514.2021484375,1592.75,1607.0999755859375,1572.699951171875,1597.949951171875,8857726,0.00012561693800083873,0.00012560904885394912
2025-03-25,1548.1414794921875,1628.449951171875,1636.1500244140625,1605.0,1605.0,9890140,0.02241400270743865,0.022166500466201337
2025-03-26,1520.571533203125,1599.449951171875,1637.75,1595.0,1626.0,6651302,-0.017808415221912344,-0.017968893141157172
2025-03-27,1524.469482421875,1603.550048828125,1619.949951171875,1586.0,1595.550048828125,9426573,0.0025634763861051013,0.002560196284959403
2025-03-28,1493.1920166015625,1570.6500244140625,1598.449951171875,1560.0,1590.0,6799047,-0.020516951097389602,-0.020730347614966844
2025-04-01,1451.21923828125,1526.5,1547.4000244140625,1517.8499755859375,1539.25,12680733,-0.028109431241027272,-0.02851206444100885
2025-04-02,1473.7030029296875,1550.1500244140625,1555.6500244140625,1535.199951171875,1535.199951171875,6193478,0.015493017219828209,0.0153742258155752
2025-04-03,1422.69873046875,1496.5,1534.6500244140625,1485.050048828125,1534.6500244140625,10459504,-0.03460960068585206,-0.03522270058026359
2025-04-04,1380.0606689453125,1451.6500244140625,1472.0,1448.0,1460.5,9590254,-0.029969845765862924,-0.030428121128577748
2025-04-07,1327.8680419921875,1396.75,1405.9000244140625,1307.0,1352.0,21715252,-0.03781908152850433,-0.03855278105923967
2025-04-08,1358.3375244140625,1428.800048828125,1456.5,1415.0,1431.0,12805001,0.022946167434048537,0.022686863330783038
2025-04-09,1334.47509765625,1403.699951171875,1409.449951171875,1381.9000244140625,1405.050048828125,8546854,-0.01756737653854179,-0.01772351421976439
2025-04-11,1339.941650390625,1409.449951171875,1438.800048828125,1397.050048828125,1411.25,12567440,0.004096406702512434,0.004088039271725716
2025-04-15,1355.675537109375,1426.0,1447.699951171875,1409.0,1445.5999755859375,10178530,0.011742217815352785,0.011673812938328244
2025-04-16,1343.41162109375,1413.0999755859375,1427.5,1396.800048828125,1425.0,12022740,-0.00904635045770219,-0.009087517146270046
2025-04-17,1349.49609375,1419.5,1429.800048828125,1378.300048828125,1398.0,14264227,0.004529120159982192,0.004518894558962462
2025-04-21,1379.442626953125,1451.0,1471.800048828125,1410.0,1410.0,15648970,0.022190900249224876,0.021948265188787477
2025-04-22,1352.63330078125,1422.800048828125,1440.0,1419.300048828125,1440.0,9399738,-0.019434897579677313,-0.01962623838488929
2025-04-23,1402.1639404296875,1474.9000244140625,1487.800048828125,1439.5999755859375,1446.0,11136642,0.036617936006624774,0.035963429350601726
2025-04-24,1398.8365478515625,1471.4000244140625,1482.9000244140625,1461.5,1469.9000244140625,7114292,-0.002373041041909385,-0.002375861166199866
2025-04-25,1407.2025146484375,1480.199951171875,1501.699951171875,1463.5,1475.5,8329979,0.00598066072102843,0.005962847557405837
2025-04-28,1409.0087890625,1482.0999755859375,1489.5999755859375,1465.300048828125,1480.199951171875,5886253,0.0012835923722847031,0.0012827692718705948
2025-04-29,1423.6494140625,1497.5,1509.800048828125,1474.0999755859375,1482.0,8056743,0.01039072652608608,0.010337113989545869
2025-04-30,1426.1212158203125,1500.0999755859375,1508.800048828125,1482.5999755859375,1496.800048828125,7704183,0.0017362433007710454,0.0017347377727613522
2025-05-02,1432.5858154296875,1506.9000244140625,1523.199951171875,1496.199951171875,1499.699951171875,7402310,0.0045329944871876915,0.004522751410552324
2025-05-05,1434.2020263671875,1508.5999755859375,1523.0,1502.800048828125,1515.0,4282493,0.0011281773978861764,0.0011275414840031337
2025-05-06,1436.958984375,1511.5,1515.5999755859375,1499.0999755859375,1506.0,4270530,0.0019222940402585653,0.0019204487974244058
2025-05-07,1433.916748046875,1508.300048828125,1518.800048828125,1496.5999755859375,1500.0,5691799,-0.0021171351174287256,-0.002119379416196769
2025-05-08,1436.8638916015625,1511.4000244140625,1516.5,1501.199951171875,1508.0,8424409,0.0020553100859599382,0.0020532008258131833
2025-05-09,1433.2513427734375,1507.5999755859375,1511.4000244140625,1494.0999755859375,1500.699951171875,4478653,-0.0025141900003474715,-0.002517355883560946
2025-05-12,1546.66796875,1626.9000244140625,1632.0,1532.0,1537.0,11372857,0.07913240517681541,0.07615738975486103
2025-05-13,1491.2430419921875,1568.5999755859375,1612.199951171875,1564.5999755859375,1609.0,12846210,-0.03583505178723412,-0.036492890904384546
2025-05-14,1513.869384765625,1592.4000244140625,1595.0,1569.5,1574.0,4870057,0.015172806937768124,0.015058851142987736
2025-05-15,1533.4534912109375,1613.0,1618.5999755859375,1571.0,1589.800048828125,11151167,0.0129364571622832,0.012853495917347843
2025-05-16,1511.49267578125,1589.9000244140625,1612.5999755859375,1581.5,1612.5999755859375,4576751,-0.014321148672298833,-0.014424686026660978
2025-05-19,1482.8770751953125,1559.800048828125,1585.0,1555.699951171875,1576.5,8855798,-0.018932014057657875,-0.019113519124575703
2025-05-20,1483.637451171875,1560.5999755859375,1583.5,1558.0,1570.0,7143998,0.0005127707409344762,0.0005126393189424126
2025-05-21,1491.14794921875,1568.5,1571.0,1552.0999755859375,1567.9000244140625,4157309,0.0050622192375520125,0.005049449283819844
2025-05-22,1471.18359375,1547.5,1560.800048828125,1540.0,1555.5,6158990,-0.01338858124655562,-0.013479016406535807
2025-05-23,1487.63037109375,1564.800048828125,1587.199951171875,1550.0,1550.0,5038421,0.011179282731006879,0.01111725639500724
2025-05-26,1502.55615234375,1580.5,1583.800048828125,1562.699951171875,1566.5999755859375,3170102,0.010033259296142294,0.009983260307168151
2025-05-27,1492.6690673828125,1570.0999755859375,1582.9000244140625,1556.4000244140625,1579.9000244140625,7775714,-0.006580176684588546,-0.006601921489451876
2025-05-28,1494.2852783203125,1571.800048828125,1587.699951171875,1570.0,1581.0,3623370,0.0010827657468199803,0.00108217997878365
2025-05-29,1507.4046630859375,1585.5999755859375,1608.9000244140625,1576.5999755859375,1589.0,8609500,0.008779705559551543,0.008741388058950469
2025-05-30,1506.5369873046875,1562.699951171875,1572.0,1555.0999755859375,1571.0,13148092,-0.0005756090600607111,-0.0005757747865545555
2025-06-02,1497.9569091796875,1553.800048828125,1560.0,1539.0,1560.0,4374509,-0.005695232309131937,-0.005711511985108945
2025-06-03,1487.5450439453125,1543.0,1567.300048828125,1535.5999755859375,1559.0,6853403,-0.006950710778507507,-0.006974979490583436
2025-06-04,1495.4503173828125,1551.199951171875,1557.300048828125,1541.4000244140625,1543.0,4548307,0.005314308611814145,0.00530023750392811
2025-06-05,1498.43896484375,1554.300048828125,1567.699951171875,1541.5999755859375,1547.9000244140625,6948539,0.001998493314153027,0.0019964989830525376
2025-06-06,1507.5975341796875,1563.800048828125,1568.9000244140625,1543.0999755859375,1554.699951171875,3960020,0.006112073665204276,0.006093470706246722
2025-06-09,1516.3704833984375,1572.9000244140625,1588.0,1571.0,1578.0,2903202,0.005819158641383382,0.005802292736356928
2025-06-10,1538.6402587890625,1596.0,1607.5,1577.5,1584.0,8591925,0.014686236400958341,0.014579438005680633
2025-06-11,1572.478759765625,1631.0999755859375,1634.5999755859375,1590.0999755859375,1590.0999755859375,10597410,0.021992470808734677,0.02175412463963435
2025-06-12,1550.787353515625,1608.5999755859375,1628.0,1598.0999755859375,1617.0,10483574,-0.013794403336317873,-0.01389043022983012
2025-06-13,1544.424560546875,1602.0,1609.0,1570.199951171875,1576.0,6968315,-0.004102943549498028,-0.004111383716646938
2025-06-16,1565.441162109375,1623.800048828125,1634.800048828125,1597.0999755859375,1600.0,5591842,0.0136080467116233,0.01351628873797602
2025-06-17,1580.9625244140625,1639.9000244140625,1647.4000244140625,1615.5999755859375,1620.699951171875,7622083,0.009915008420867677,0.009866177234002764
2025-06-18,1574.214111328125,1632.9000244140625,1644.699951171875,1621.0,1621.0,5629707,-0.00426854715511904,-0.004277683410821587
2025-06-19,1560.2352294921875,1618.4000244140625,1630.0,1611.5,1623.9000244140625,5147760,-0.008879911401724061,-0.008919572782580052
2025-06-20,1564.573486328125,1622.9000244140625,1630.699951171875,1608.9000244140625,1619.0,9202821,0.002780514600576822,0.002776656120573316
2025-06-23,1527.071533203125,1584.0,1601.0,1575.4000244140625,1601.0,7943676,-0.023969441801684144,-0.0242613834297588
2025-06-24,1524.7576904296875,1581.5999755859375,1609.0,1576.5999755859375,1601.0,8083992,-0.0015152157074030947,-0.0015163648076262318
2025-06-25,1556.8609619140625,1614.9000244140625,1619.9000244140625,1585.0999755859375,1590.0,7813533,0.02105467097223035,0.02083608424478424
2025-06-26,1557.92138671875,1616.0,1624.0,1606.5999755859375,1608.800048828125,6519233,0.0006811300627538319,0.0006808981989529346
2025-06-27,1550.208984375,1608.0,1629.5999755859375,1602.4000244140625,1619.0,8912268,-0.004950443847486885,-0.0049627378853758595
2025-06-30,1544.2318115234375,1601.800048828125,1615.0,1594.0999755859375,1615.0,6294505,-0.0038557206878608863,-0.0038631731414263725
2025-07-01,1549.05224609375,1606.800048828125,1617.699951171875,1600.5,1609.0,4178937,0.003121574451673048,0.003116712453576092
2025-07-02,1552.619140625,1610.5,1649.0,1603.4000244140625,1618.0,8653641,0.0023026302309974156,0.00229998324058841
2025-07-03,1560.5244140625,1618.699951171875,1632.4000244140625,1615.0,1618.5,5259695,0.005091572833707092,0.005078654607584569
2025-07-04,1581.733642578125,1640.699951171875,1643.4000244140625,1612.300048828125,1625.0,4411273,0.013591090485032042,0.013499560014802724
2025-07-07,1568.5262451171875,1627.0,1644.0,1623.0,1640.0,3294523,-0.008349950399619943,-0.00838500651641087
2025-07-08,1579.8055419921875,1638.699951171875,1646.199951171875,1621.5,1628.0,4590681,0.007191015713069682,0.0071652836457359054
2025-07-09,1574.9853515625,1633.699951171875,1638.0,1623.5999755859375,1637.800048828125,4580828,-0.0030511289532565433,-0.003055793136968081
2025-07-10,1557.728759765625,1615.800048828125,1638.9000244140625,1607.0999755859375,1638.9000244140625,5330179,-0.010956668123773494,-0.011017134490884454
2025-07-11,1537.5797119140625,1594.9000244140625,1607.0999755859375,1563.0,1579.0999755859375,11391755,-0.012934888519740784,-0.013019272646242605
2025-07-14,1513.8638916015625,1570.300048828125,1591.800048828125,1559.800048828125,1591.800048828125,9173426,-0.015424124114500226,-0.01554431339482618
2025-07-15,1528.614013671875,1585.5999755859375,1603.5999755859375,1564.0,1565.0999755859375,7614807,0.00974336078173299,0.009696200328833669
2025-07-16,1550.1126708984375,1607.9000244140625,1612.0,1578.5,1579.0,6223491,0.014064150291884792,0.01396616775552938
2025-07-17,1526.589599609375,1583.5,1610.0,1580.0999755859375,1598.0,7374814,-0.015175071935531359,-0.015291391612934961
2025-07-18,1529.095947265625,1586.0999755859375,1599.300048828125,1580.0,1592.0999755859375,5161833,0.0016417953174130417,0.0016404490448155057
2025-07-21,1527.36083984375,1584.300048828125,1589.0,1566.800048828125,1580.0,3682661,-0.0011347276310409438,-0.001135371921881797
2025-07-22,1514.4423828125,1570.9000244140625,1585.800048828125,1565.0,1565.0,8473741,-0.008458025565570737,-0.00849399764258321
2025-07-23,1517.9129638671875,1574.5,1591.9000244140625,1550.0,1576.300048828125,8035026,0.002291656053789337,0.0022890342148595907
2025-07-24,1496.70361328125,1552.5,1582.0,1548.199951171875,1580.0,14169664,-0.013972705346624426,-0.014071242558411917
2025-07-25,1461.2261962890625,1515.699951171875,1549.5,1511.300048828125,1543.4000244140625,10851259,-0.023703702374586855,-0.023989155008635847
2025-07-28,1461.515380859375,1516.0,1519.300048828125,1482.5,1513.9000244140625,6439855,0.0001979054105702982,0.00019788582987790575
2025-07-29,1459.2979736328125,1513.699951171875,1517.199951171875,1496.0999755859375,1512.9000244140625,7070448,-0.001517197325189068,-0.0015183494345164291
2025-07-30,1464.40771484375,1519.0,1521.699951171875,1506.0,1519.9000244140625,5719051,0.003501506411481614,0.003495390410559651
2025-07-31,1454.76708984375,1509.0,1527.0999755859375,1497.0,1509.699951171875,6851407,-0.006583292960204434,-0.00660505841145656
2025-08-01,1416.782958984375,1469.5999755859375,1498.699951171875,1465.5,1493.9000244140625,8702978,-0.026110111456710716,-0.026457032507233073
2025-08-04,1427.291259765625,1480.5,1482.800048828125,1451.0,1461.5,8610216,0.007417015227782597,0.0073896444267811355
2025-08-05,1407.8172607421875,1460.300048828125,1478.699951171875,1455.0,1478.699951171875,10213323,-0.013644025975914187,-0.013737961112587235
2025-08-06,1385.0654296875,1436.699951171875,1456.0999755859375,1430.300048828125,1452.0,10566934,-0.0161610684064869,-0.016293082733095366
2025-08-07,1385.2581787109375,1436.9000244140625,1442.0,1414.199951171875,1430.0,9892020,0.00013916239572964173,0.00013915271354170302
2025-08-08,1371.9542236328125,1423.0999755859375,1433.199951171875,1417.0999755859375,1425.0,10048009,-0.009603953459784043,-0.00965036884065307
2025-08-11,1376.870849609375,1428.199951171875,1433.4000244140625,1414.0,1419.9000244140625,6625368,0.003583666198091917,0.0035772601665395344
2025-08-12,1372.9183349609375,1424.0999755859375,1441.0,1421.0,1428.199951171875,9899184,-0.0028706502498464515,-0.0028747784686159353
2025-08-13,1375.3284912109375,1426.5999755859375,1434.0,1422.4000244140625,1425.0,10318063,0.0017554986255381433,0.0017539595388058452
2025-08-14,1395.6700439453125,1447.699951171875,1470.0,1426.199951171875,1426.199951171875,12902347,0.01479032308598871,0.014682012913121737
2025-08-18,1384.19775390625,1435.800048828125,1464.699951171875,1429.5999755859375,1464.699951171875,7254561,-0.008219915651863086,-0.008253885439124123
2025-08-19,1388.2469482421875,1440.0,1449.4000244140625,1432.699951171875,1432.699951171875,3986094,0.002925300467010894,0.002921030101640608
2025-08-20,1442.427001953125,1496.199951171875,1499.0,1440.699951171875,1440.699951171875,10413061,0.03902767715754085,0.03828535002749618
2025-08-21,1442.619873046875,1496.4000244140625,1508.0,1484.300048828125,1508.0,6565539,0.00013371289742147852,0.00013370395864882066
2025-08-22,1434.0396728515625,1487.5,1504.300048828125,1486.0999755859375,1498.0999755859375,5543397,-0.005947651460804226,-0.0059654091859366
2025-08-25,1477.0367431640625,1532.0999755859375,1539.0,1506.699951171875,1506.699951171875,10694531,0.029983180470175563,0.029542472467608123
2025-08-26,1474.6265869140625,1529.5999755859375,1538.4000244140625,1518.5999755859375,1523.0,15994798,-0.0016317510455677864,-0.0016330838013195199
2025-08-28,1446.1868896484375,1500.0999755859375,1529.5999755859375,1498.0,1529.5999755859375,5443364,-0.01928603316799038,-0.0194744349885174
2025-08-29,1416.782958984375,1469.5999755859375,1501.9000244140625,1467.699951171875,1501.9000244140625,8169075,-0.020332040675054452,-0.020541581744334434
2025-09-01,1445.5120849609375,1499.4000244140625,1503.4000244140625,1476.199951171875,1476.699951171875,4546057,0.020277718470835593,0.020074863247233413
2025-09-02,1444.837158203125,1498.699951171875,1512.800048828125,1486.300048828125,1499.4000244140625,5218763,-0.00046691187492264863,-0.0004670209122139789
2025-09-03,1425.9415283203125,1479.0999755859375,1501.9000244140625,1473.0,1500.0,4623483,-0.013078034279179307,-0.01316430476052818
2025-09-04,1410.4202880859375,1463.0,1484.0,1460.0999755859375,1484.0,5787724,-0.010884906516930082,-0.010944580537717777
2025-09-05,1392.681396484375,1444.5999755859375,1472.699951171875,1433.0,1470.0,5466487,-0.012577025267862307,-0.01265678552029244
2025-09-08,1381.402099609375,1432.9000244140625,1458.0,1428.300048828125,1451.0,3811567,-0.008098978634648923,-0.008131953524749713
2025-09-09,1450.2359619140625,1504.300048828125,1507.199951171875,1472.5,1481.0,13072640,0.04982898341051589,0.04862727796182812
2025-09-10,1477.518798828125,1532.5999755859375,1534.9000244140625,1509.300048828125,1510.0999755859375,7281071,0.01881268816286541,0.018637918072769037
2025-09-11,1455.4417724609375,1509.699951171875,1527.5,1506.5,1523.9000244140625,8003662,-0.014941959712930664,-0.015054715396698693
2025-09-12,1470.7703857421875,1525.5999755859375,1542.9000244140625,1521.0999755859375,1537.0,12856963,0.010531931659025773,0.010476857222764197
2025-09-15,1454.1885986328125,1508.4000244140625,1527.5,1501.199951171875,1525.5999755859375,6167414,-0.011274218783652867,-0.011338254545299296
2025-09-16,1456.9844970703125,1511.300048828125,1514.0,1503.5,1508.4000244140625,8923112,0.0019226518761930045,0.0019208059467489265
2025-09-17,1467.685546875,1522.4000244140625,1526.699951171875,1514.0,1516.9000244140625,4795698,0.007344655915148657,0.00731781527328726
2025-09-18,1485.2313232421875,1540.5999755859375,1555.0,1538.5,1550.0,9331945,0.01195472450113444,0.01188383122922856
2025-09-19,1484.845703125,1540.199951171875,1551.300048828125,1520.0999755859375,1544.5999755859375,12988129,-0.0002596364021906217,-0.00025967011355655103
2025-09-22,1445.6083984375,1499.5,1514.699951171875,1482.0,1482.699951171875,15655204,-0.0264251730701186,-0.026780593302613162
2025-09-23,1443.6802978515625,1497.5,1513.0,1493.0,1493.0,9832164,-0.0013337641009982804,-0.0013346543560183398
2025-09-24,1440.884521484375,1494.5999755859375,1496.699951171875,1482.699951171875,1487.199951171875,4937004,-0.0019365619738304085,-0.0019384395343694718
2025-09-25,1431.436767578125,1484.800048828125,1502.699951171875,1476.5,1489.0,9491867,-0.006556912622336375,-0.00657850360578408
2025-09-26,1396.8270263671875,1448.9000244140625,1478.699951171875,1441.199951171875,1475.0,8597058,-0.024178323482282993,-0.024475417748219035
2025-09-29,1389.982177734375,1441.800048828125,1465.0,1436.5,1460.0,10513117,-0.0049002836454377086,-0.0049123294032054655
2025-09-30,1389.982177734375,1441.800048828125,1452.199951171875,1438.0999755859375,1443.0,7556305,0.0,0.0
2025-10-01,1393.83837890625,1445.800048828125,1449.5,1427.4000244140625,1446.0,6250692,0.002774281018595781,0.0027704398037769087
2025-10-03,1394.609619140625,1446.5999755859375,1448.300048828125,1433.199951171875,1439.0,6877533,0.0005533211353960787,0.0005531681097022725
2025-10-06,1422.9530029296875,1476.0,1478.800048828125,1442.300048828125,1446.5999755859375,4630590,0.020323525236064288,0.020119758608713425
2025-10-07,1406.0819091796875,1458.5,1482.9000244140625,1454.0,1477.699951171875,5570320,-0.011856395619015192,-0.011927243232598481
2025-10-08,1441.2701416015625,1495.0,1498.0,1455.0,1457.0,4657192,0.025025734412872147,0.024717719019467982
2025-10-09,1455.0562744140625,1509.300048828125,1514.0,1487.0,1502.0,7028753,0.009565266367886238,0.009519808853143387
2025-10-10,1460.4549560546875,1514.9000244140625,1521.699951171875,1498.800048828125,1510.0,3738353,0.003710290615941192,0.003703424466080608
2025-10-13,1439.5347900390625,1493.199951171875,1504.699951171875,1483.4000244140625,1497.0,5859355,-0.014324417147475232,-0.014428001995742672
2025-10-14,1436.353515625,1489.9000244140625,1514.4000244140625,1486.5,1499.0,5600789,-0.0022099322892892292,-0.0022123777932472606
2025-10-15,1421.41064453125,1474.4000244140625,1488.5999755859375,1467.5,1483.9000244140625,6986098,-0.010403337988314054,-0.010457830977771296
2025-10-16,1418.61474609375,1471.5,1474.5,1460.5,1473.9000244140625,8005748,-0.0019669885323125857,-0.0019689255947923025
2025-10-17,1389.307373046875,1441.0999755859375,1458.4000244140625,1434.0,1454.9000244140625,16959378,-0.020659148741809408,-0.02087553437183449
2025-10-20,1408.395751953125,1460.9000244140625,1467.0,1450.0,1453.699951171875,6994246,0.013739492985189727,0.013645961890878333
2025-10-21,1419.482421875,1472.4000244140625,1486.0,1470.0,1478.0,1698704,0.007871842773240711,0.007841021460276494
2025-10-23,1473.566162109375,1528.5,1546.0,1506.0,1510.0,20358624,0.03810102851639097,0.03739310998469724
2025-10-24,1470.57763671875,1525.4000244140625,1543.0,1518.0,1539.5,8652257,-0.0020280904023657342,-0.0020301497625560003
2025-10-27,1472.633056640625,1504.5,1515.300048828125,1498.0999755859375,1510.0,7273211,0.0013976956201109392,0.001396719752792186
2025-10-28,1468.4241943359375,1500.199951171875,1506.5,1490.5,1499.699951171875,8211019,-0.0028580523068583163,-0.002862144337036693
2025-10-29,1478.408203125,1510.4000244140625,1520.199951171875,1496.9000244140625,1500.199951171875,4884976,0.006799131223506949,0.006776121369937649
2025-10-30,1462.1597900390625,1493.800048828125,1508.199951171875,1489.0999755859375,1507.0,5608867,-0.010990478172126061,-0.011051319672835024
2025-10-31,1450.9034423828125,1482.300048828125,1497.0999755859375,1480.699951171875,1490.0,4819814,-0.007698438797820617,-0.0077282247464607766
2025-11-03,1454.0355224609375,1485.5,1491.4000244140625,1474.199951171875,1482.300048828125,5470600,0.0021587102122944124,0.0021563835452024288
2025-11-04,1436.808349609375,1467.9000244140625,1481.9000244140625,1462.9000244140625,1479.699951171875,8691330,-0.011847834929373469,-0.011918579863709974
2025-11-06,1435.6336669921875,1466.699951171875,1483.0,1461.9000244140625,1478.5999755859375,7944752,-0.0008175638856127154,-0.0008178982732341625
2025-11-07,1445.5198974609375,1476.800048828125,1480.9000244140625,1449.0999755859375,1470.0,8765759,0.0068863183526914895,0.006862715956254366
2025-11-10,1481.4425048828125,1513.5,1520.0,1490.0,1490.0999755859375,9787975,0.024850994777016355,0.024547231073738584
2025-11-11,1497.88671875,1530.300048828125,1533.4000244140625,1511.0999755859375,1525.0,13692989,0.011100136396105631,0.011038982013936972
2025-11-12,1518.8333740234375,1551.699951171875,1559.199951171875,1538.0999755859375,1540.0,14635417,0.013984138460696016,0.013887262502953267
2025-11-13,1509.14306640625,1541.800048828125,1557.5,1530.300048828125,1557.0999755859375,19655689,-0.006380099214911006,-0.006400539032999689
2025-11-14,1470.9691162109375,1502.800048828125,1530.0,1488.800048828125,1520.0,9739549,-0.02529511684151775,-0.025620537742337676
2025-11-17,1475.66748046875,1507.5999755859375,1510.199951171875,1492.5,1496.0,7910354,0.003194060436778612,0.0031889702617460733
2025-11-18,1454.91650390625,1486.4000244140625,1506.0,1483.199951171875,1506.0,7525119,-0.014062095178724365,-0.014161903217317036
2025-11-19,1508.4578857421875,1541.0999755859375,1543.0,1490.5,1490.5,10981126,0.03680031238369086,0.036139347911825936
2025-11-20,1503.955322265625,1536.5,1555.0,1534.0,1555.0,7387584,-0.0029848784769667125,-0.0029893421112112645
2025-11-21,1512.2752685546875,1545.0,1551.5,1526.300048828125,1531.0,9186302,0.005532043516112584,0.005516797963576336
2025-11-24,1515.2117919921875,1548.0,1585.0,1541.0,1563.5999755859375,19270381,0.0019417916159578663,0.0019399087756130275
2025-11-25,1498.1802978515625,1530.5999755859375,1550.5999755859375,1525.9000244140625,1549.0,8107952,-0.011240338961612806,-0.011303988986302567
2025-11-26,1524.902099609375,1557.9000244140625,1560.300048828125,1532.0999755859375,1532.0999755859375,7575038,0.017836172185772492,0.017678974122305947
2025-11-27,1533.2220458984375,1566.4000244140625,1574.300048828125,1552.199951171875,1564.0,7552252,0.0054560527467264475,0.0054412224098835775
2025-11-28,1527.055419921875,1560.0999755859375,1568.4000244140625,1557.0,1565.0,4453221,-0.004022004505517596,-0.004030114518615719
2025-12-01,1530.872802734375,1564.0,1574.0,1556.0,1562.5,5341800,0.0024998325291267776,0.0024967131453331234
2025-12-02,1527.9364013671875,1561.0,1579.9000244140625,1556.0999755859375,1567.0,6335969,-0.0019181223691103755,-0.0019199643215922018
2025-12-03,1545.261474609375,1578.699951171875,1586.0,1554.0999755859375,1555.0999755859375,12895312,0.011338870666792955,0.011275067523524602
2025-12-04,1563.7611083984375,1597.5999755859375,1599.0,1568.0,1568.0,12609619,0.011971846896486671,0.011900751206064299
2025-12-05,1581.9671630859375,1616.199951171875,1631.800048828125,1600.0,1610.0,10344725,0.011642478246658872,0.011575226081396082
2025-12-08,1576.681640625,1610.800048828125,1630.0,1600.199951171875,1617.0999755859375,7550413,-0.003341107568014867,-0.0033467015314030493
2025-12-09,1565.1314697265625,1599.0,1606.9000244140625,1582.4000244140625,1601.199951171875,6957599,-0.007325620214527873,-0.007352584336944129
2025-12-10,1551.2322998046875,1584.800048828125,1608.0,1582.800048828125,1608.0,5116140,-0.008880512717761135,-0.00892017948627459
2025-12-11,1564.1527099609375,1598.0,1607.4000244140625,1580.5,1598.0,5159319,0.008329126564652345,0.008294630803994596
2025-12-12,1564.348388671875,1598.199951171875,1601.800048828125,1582.5999755859375,1601.4000244140625,4633912,0.00012510205026106114,0.00012509422565214765
2025-12-15,1572.766357421875,1606.800048828125,1610.800048828125,1585.0,1585.0,4190558,0.005381134286299716,0.005366707714268724
2025-12-16,1559.1607666015625,1592.9000244140625,1603.0,1585.5999755859375,1600.0,5499258,-0.00865073871659816,-0.00868837356009481
2025-12-17,1568.0679931640625,1602.0,1606.9000244140625,1586.0,1587.199951171875,4817628,0.005712833950994423,0.0056965775989596314
2025-12-18,1592.3427734375,1626.800048828125,1630.0,1606.699951171875,1610.5,6577293,0.015480693681181323,0.015362090219155716
2025-12-19,1603.9906005859375,1638.699951171875,1654.9000244140625,1629.800048828125,1650.0,13149023,0.007314899368866756,0.007288275248814123
2025-12-22,1653.8125,1689.5999755859375,1693.199951171875,1664.0,1664.0,23098923,0.03106121656564742,0.030588579184507296
2025-12-23,1632.9637451171875,1668.300048828125,1679.0,1656.4000244140625,1679.0,6593060,-0.012606480409848464,-0.012686616283882906
2025-12-24,1628.16748046875,1663.4000244140625,1667.5999755859375,1652.5,1661.0,4271167,-0.002937153174881635,-0.0029414750740625367
2025-12-26,1621.0220947265625,1656.0999755859375,1668.800048828125,1651.699951171875,1663.4000244140625,2006491,-0.004388606103427617,-0.004398264302907051
2025-12-29,1609.863525390625,1644.699951171875,1673.0999755859375,1637.0999755859375,1658.0,4062817,-0.0068836627040668175,-0.006907464401639195
2025-12-30,1587.2528076171875,1621.5999755859375,1647.9000244140625,1616.800048828125,1647.0,9395937,-0.014045114642839751,-0.014144680642165272
2025-12-31,1581.1842041015625,1615.4000244140625,1628.5999755859375,1609.199951171875,1621.0,6538656,-0.003823337710604058,-0.0038306653495505825
2026-01-01,1595.2791748046875,1629.800048828125,1639.5999755859375,1614.0999755859375,1615.4000244140625,3658165,0.008914186384206824,0.008874689572516399
2026-01-02,1605.6546630859375,1640.4000244140625,1643.5,1627.5,1635.9000244140625,2524526,0.006503869946475227,0.006482811044589761
2026-01-05,1572.374755859375,1606.4000244140625,1637.0,1583.0999755859375,1637.0,5917885,-0.020726690484366816,-0.020944503282543783
2026-01-06,1578.0518798828125,1612.199951171875,1619.9000244140625,1599.0,1600.0999755859375,4466729,0.003610541318017191,0.003604038960366503
2026-01-07,1604.2843017578125,1639.0,1642.0,1615.0,1615.0,4508079,0.016623294968570956,0.01648664035456607
2026-01-08,1579.128662109375,1613.300048828125,1644.300048828125,1608.5999755859375,1638.9000244140625,3942131,-0.01568028785226816,-0.015804523982701196
2026-01-09,1579.91162109375,1614.0999755859375,1631.300048828125,1607.0,1610.0,6816681,0.0004958170940481121,0.0004956942173672984
2026-01-12,1562.09716796875,1595.9000244140625,1613.300048828125,1592.5999755859375,1610.0999755859375,6985362,-0.011275601044485883,-0.011339652568720444
2026-01-13,1565.1314697265625,1599.0,1618.0,1586.4000244140625,1618.0,8080618,0.0019424539138996888,0.0019405697897841804
2026-01-14,1565.91455078125,1599.800048828125,1617.0,1583.0999755859375,1588.0,7557157,0.0005003292501839507,0.0005002041272380293
2026-01-15,1565.91455078125,1599.800048828125,1599.800048828125,1599.800048828125,1599.800048828125,0,0.0,0.0
2026-01-16,1654.00830078125,1689.800048828125,1694.0,1653.4000244140625,1663.699951171875,19335957,0.05625706074194747,0.05473158439300799
2026-01-19,1645.59033203125,1681.199951171875,1685.0,1666.5,1685.0,5104958,-0.005089435612882887,-0.005102430901519656
2026-01-20,1623.7628173828125,1658.9000244140625,1680.199951171875,1652.9000244140625,1673.0,6406503,-0.013264245798949581,-0.013353001633793696
2026-01-21,1619.358154296875,1654.4000244140625,1657.0,1631.199951171875,1651.0,6224582,-0.0027126271391266776,-0.0027163129791734123
2026-01-22,1628.265380859375,1663.5,1671.199951171875,1653.800048828125,1666.0,6228892,0.005500467292467226,0.005485394966878629
2026-01-23,1635.4107666015625,1670.800048828125,1675.699951171875,1662.199951171875,1667.199951171875,5869137,0.004388342235966736,0.004378741539357568
2026-01-27,1647.05859375,1682.699951171875,1689.4000244140625,1661.0999755859375,1685.800048828125,10673087,0.007122263951240937,0.007097020419206515
2026-01-28,1631.2017822265625,1666.5,1688.800048828125,1650.0,1680.0,8588664,-0.009627351196617062,-0.009673993746366807
2026-01-29,1624.35009765625,1659.5,1666.5,1642.0999755859375,1658.0,4749582,-0.004200390561712175,-0.004209236983121548
2026-01-30,1606.241943359375,1641.0,1655.0,1618.0999755859375,1655.0,9207926,-0.011147938072588515,-0.011210542039140504
2026-02-02,1594.8875732421875,1629.4000244140625,1662.0,1618.0,1662.0,6784887,-0.0070689040117084545,-0.007094007084431504
2026-02-03,1620.9241943359375,1656.0,1728.0,1653.0,1727.199951171875,8805868,0.01632505107605864,0.016193230150384316
2026-02-04,1503.2701416015625,1535.800048828125,1584.9000244140625,1510.0999755859375,1574.0,28828622,-0.07258454969424133,-0.07535364735574432
2026-02-05,1488.00048828125,1520.199951171875,1551.0,1515.699951171875,1534.0,10628127,-0.010157624300343282,-0.010209564994781551
2026-02-06,1475.177978515625,1507.0999755859375,1525.0,1480.0,1522.0999755859375,13900866,-0.008617275240571987,-0.008654618643883328
2026-02-09,1465.4876708984375,1497.199951171875,1528.0,1493.0,1522.0999755859375,8294615,-0.006568907452738859,-0.006590577677231406
2026-02-10,1466.0750732421875,1497.800048828125,1515.9000244140625,1491.0,1500.0,8657000,0.00040082380453587696,0.00040074349613369853
2026-02-11,1440.7236328125,1471.9000244140625,1505.9000244140625,1469.0,1501.199951171875,7934411,-0.01729204792604755,-0.01744330157979
2026-02-12,1356.64306640625,1386.0,1435.699951171875,1380.5,1428.9000244140625,26048896,-0.05835995501934854,-0.060132195286339805
2026-02-13,1340.1009521484375,1369.0999755859375,1377.300048828125,1281.5,1293.9000244140625,45785709,-0.012193416726503203,-0.012268366316431061
2026-02-16,1336.6751708984375,1365.5999755859375,1376.0,1338.300048828125,1373.699951171875,14621891,-0.002556360582020245,-0.0025596336510192042
2026-02-17,1361.73291015625,1391.199951171875,1431.0,1367.0,1370.0,25347684,0.018746319078381646,0.018572772391813177
2026-02-18,1344.603515625,1373.699951171875,1401.0,1345.300048828125,1390.9000244140625,20241373,-0.012579114746727016,-0.012658901615551459
2026-02-19,1341.471435546875,1370.5,1402.0,1363.199951171875,1385.0,14574228,-0.0023293707339959724,-0.0023320879384085627
2026-02-20,1324.5377197265625,1353.199951171875,1365.0,1338.199951171875,1359.199951171875,12633552,-0.012623239952484822,-0.012703589946905458
2026-02-23,1299.3822021484375,1327.5,1352.0,1318.0,1352.0,12887826,-0.018991922391850102,-0.019174585395474942
2026-02-24,1248.4835205078125,1275.5,1303.5999755859375,1264.0999755859375,1301.0,27839061,-0.039171447443614005,-0.03995929117625152
2026-02-25,1262.7742919921875,1290.0999755859375,1323.5999755859375,1286.199951171875,1286.199951171875,16669618,0.011446503898235205,0.011381488336031196
2026-02-26,1261.7955322265625,1289.0999755859375,1314.0,1286.300048828125,1305.5,11493914,-0.0007750868637663721,-0.0007753873988934845
2026-02-27,1272.5625,1300.0999755859375,1335.0,1294.199951171875,1326.300048828125,23141724,0.008533052700256505,0.008496851995304179
2026-03-02,1261.5997314453125,1288.9000244140625,1298.800048828125,1273.0,1291.0,9700361,-0.008614719162860385,-0.008652040351612735
2026-03-04,1279.7078857421875,1307.4000244140625,1317.0,1292.0,1292.0,15154950,0.01435332764071684,0.014251293824434963
2026-03-05,1278.141845703125,1305.800048828125,1320.0,1290.0999755859375,1320.0,10362147,-0.00122374805727965,-0.0012244974483731493
2026-03-06,1280.686767578125,1308.4000244140625,1327.199951171875,1303.0,1303.0,8724291,0.0019911106764523012,0.0019891310429334293
2026-03-09,1287.14697265625,1315.0,1318.0,1282.5,1290.0,10068514,0.005044328747412452,0.005031648744681292
2026-03-10,1268.1578369140625,1295.5999755859375,1321.0,1284.0999755859375,1320.0,9600171,-0.014752888477840398,-0.01486279463204252
2026-03-11,1249.2667236328125,1276.300048828125,1299.5,1271.300048828125,1288.0,7868891,-0.014896500050198491,-0.01500856723898491
2026-03-12,1238.9891357421875,1265.800048828125,1278.5999755859375,1258.0,1272.5,7599940,-0.00822689638345464,-0.00826092405208791
2026-03-13,1221.8597412109375,1248.300048828125,1269.5999755859375,1242.5999755859375,1251.0,7366098,-0.013825298412313392,-0.01392175793678951
2026-03-16,1223.3280029296875,1249.800048828125,1254.300048828125,1224.199951171875,1240.199951171875,12314450,0.0012016614257990277,0.0012009400085828917
2026-03-17,1206.785888671875,1232.9000244140625,1245.0,1215.0999755859375,1245.0,11223276,-0.013522223163531466,-0.013614481055046295
2026-03-18,1240.261474609375,1267.0999755859375,1290.800048828125,1234.9000244140625,1238.0,12365381,0.027739457555591374,0.027361688952522993
2026-03-19,1194.9422607421875,1220.800048828125,1255.0,1215.0999755859375,1244.199951171875,9156461,-0.0365400480422573,-0.03722435716257038
2026-03-20,1229.2987060546875,1255.9000244140625,1264.800048828125,1229.199951171875,1242.0,27299975,0.0287515526408455,0.02834598225791417
2026-03-23,1230.1796875,1256.800048828125,1261.0999755859375,1227.4000244140625,1238.199951171875,12420293,0.0007166536830904846,0.0007163970094631538
2026-03-24,1251.224365234375,1278.300048828125,1297.0,1251.0,1269.0,13613495,0.017106994976597623,0.01696231799927504
2026-03-25,1252.00732421875,1279.0999755859375,1290.5999755859375,1257.0999755859375,1270.0,10824030,0.0006257542660850213,0.0006255585635211464
2026-03-27,1242.806396484375,1269.699951171875,1294.800048828125,1263.199951171875,1285.199951171875,13092541,-0.007348940821984673,-0.007376077319001568
2026-03-30,1224.1109619140625,1250.5999755859375,1265.5,1243.0,1250.0,14108486,-0.015042917885841112,-0.01515721021701842
2026-04-01,1248.6793212890625,1275.699951171875,1303.0,1269.5,1290.0,8137156,0.02007036954932917,0.01987161467074035
2026-04-02,1273.247802734375,1300.800048828125,1305.4000244140625,1259.800048828125,1260.0,12873492,0.019675573244817945,0.019484511256380423
2026-04-06,1278.5333251953125,1306.199951171875,1320.0,1299.0,1301.4000244140625,10208682,0.004151212709408547,0.004142620197284854
2026-04-07,1311.0301513671875,1339.4000244140625,1345.0999755859375,1293.5,1302.0,15355792,0.025417269563083655,0.025099622007467234
2026-04-08,1317.68603515625,1346.199951171875,1376.9000244140625,1331.0,1349.0,16030133,0.005076835023299475,0.005063991348177769
2026-04-09,1303.395263671875,1331.5999755859375,1337.5,1314.0,1329.9000244140625,14894607,-0.010845353978939598,-0.01090459353573728
2026-04-10,1265.12353515625,1292.5,1318.9000244140625,1283.300048828125,1318.0,19233369,-0.029363102339199365,-0.029802827422642522
2026-04-13,1249.756103515625,1276.800048828125,1289.0,1265.699951171875,1272.0,10366082,-0.012146981076221142,-0.012221358572547482
2026-04-15,1277.6524658203125,1305.300048828125,1322.5,1300.5,1306.300048828125,12098912,0.02232144514134693,0.02207596790732941
2026-04-16,1291.2579345703125,1319.199951171875,1331.0,1309.0,1322.0999755859375,18527029,0.01064880248265676,0.010592503311990227
2026-04-17,1290.7685546875,1318.699951171875,1328.300048828125,1306.0999755859375,1313.0,12064048,-0.0003789946762072782,-0.00037906651284061606
2026-04-20,1284.7977294921875,1312.5999755859375,1324.9000244140625,1308.0999755859375,1320.0,7172300,-0.004625790714864464,-0.0046365227937568455
2026-04-21,1285.385009765625,1313.199951171875,1325.0,1299.300048828125,1310.0,10057440,0.000457099401685257,0.00045699496357826526
2026-04-22,1241.729736328125,1268.5999755859375,1297.699951171875,1255.9000244140625,1295.0,20088378,-0.033962799554866474,-0.03455293573353056
2026-04-23,1214.32275390625,1240.5999755859375,1265.699951171875,1226.0,1254.0,14792854,-0.022071616407382866,-0.022318839038989357
2026-04-24,1130.144287109375,1154.5999755859375,1223.9000244140625,1152.199951171875,1200.0,42078914,-0.06932132872095875,-0.07184120491237635
2026-04-27,1145.5118408203125,1170.300048828125,1179.9000244140625,1154.5,1154.5999755859375,19579883,0.013597868773237654,0.013506247391600707
2026-04-28,1127.697265625,1152.0999755859375,1169.4000244140625,1149.800048828125,1162.699951171875,12720276,-0.01555162902773255,-0.01567382415490343
2026-04-29,1142.7711181640625,1167.5,1178.199951171875,1156.800048828125,1158.5,8303109,0.013366931887263345,0.013278382668051203
2026-04-30,1156.768310546875,1181.800048828125,1189.800048828125,1159.5999755859375,1167.5,12205669,0.012248465296620381,0.012174059798206531
2026-05-01,1156.768310546875,1181.800048828125,1181.800048828125,1181.800048828125,1181.800048828125,0,0.0,0.0
2026-05-04,1143.652099609375,1168.4000244140625,1195.0,1165.199951171875,1195.0,7735811,-0.011338667231728716,-0.011403440009129694
2026-05-05,1153.1466064453125,1178.0999755859375,1185.199951171875,1160.0999755859375,1169.5,8164108,0.008301918773358175,0.008267647393857457
2026-05-06,1142.4774169921875,1167.199951171875,1191.5,1164.0999755859375,1187.0,9856963,-0.009252240255914868,-0.009295308085902702
2026-05-07,1138.07275390625,1162.699951171875,1175.4000244140625,1159.199951171875,1173.0,12013987,-0.0038553611830102197,-0.0038628122451252436
2026-05-08,1154.2232666015625,1179.199951171875,1183.5,1158.800048828125,1161.0,7582770,0.01419110741372065,0.014091356260792057
2026-05-11,1152.0699462890625,1177.0,1187.0,1172.0999755859375,1176.0,7336288,-0.0018656012010918044,-0.0018673436024338314
2026-05-12,1116.1473388671875,1140.300048828125,1162.0,1123.0,1162.0,16891948,-0.031180925722075647,-0.03167739837604329
2026-05-13,1099.3115234375,1123.0999755859375,1142.5999755859375,1121.0,1136.5999755859375,6664111,-0.015083864686515902,-0.015198783248539868
2026-05-14,1071.8067626953125,1095.0,1121.9000244140625,1089.0,1119.800048828125,16914842,-0.025019987652072695,-0.02533830835039294
2026-05-15,1095.2984619140625,1119.0,1133.199951171875,1101.5999755859375,1102.0,17482450,0.021917849407550483,0.0216811063662989
2026-05-18,1118.3006591796875,1142.5,1146.0999755859375,1118.0,1119.0,12096377,0.021000848686875795,0.020783370413207315
2026-05-19,1171.5484619140625,1196.9000244140625,1198.4000244140625,1162.0,1162.0,32175705,0.04761492564390868,0.04651608101451962
2026-05-20,1168.4161376953125,1193.699951171875,1206.9000244140625,1184.9000244140625,1187.0,15121010,-0.0026736616713510797,-0.00267724228838054
2026-05-21,1156.180908203125,1181.199951171875,1201.800048828125,1177.0,1196.0999755859375,10021033,-0.010471636857328326,-0.010526850234436051
2026-05-22,1149.622802734375,1174.5,1191.800048828125,1172.5,1182.5,8803066,-0.00567221394352746,-0.00568836204163434
2026-05-25,1143.75,1168.5,1185.0,1166.0999755859375,1183.0,5856136,-0.005108460549326788,-0.005121553342296844
2026-05-26,1142.966796875,1167.699951171875,1180.699951171875,1162.9000244140625,1166.300048828125,8005767,-0.0006847677595628321,-0.0006850023200908712
2026-05-27,1135.3321533203125,1159.9000244140625,1167.300048828125,1155.0,1161.0,6371871,-0.0066796722140674,-0.006702081069462253
2026-05-28,1135.3321533203125,1159.9000244140625,1159.9000244140625,1159.9000244140625,1159.9000244140625,0,0.0,0.0
2026-05-29,1136.3109130859375,1160.9000244140625,1210.0,1153.5999755859375,1182.0,69085430,0.0008620911182357638,0.0008617197311187228
2026-06-01,1177.02978515625,1202.5,1217.0,1173.699951171875,1175.0,19439331,0.03583427000602346,0.035207160003903386
2026-06-02,1243.8831787109375,1270.800048828125,1278.9000244140625,1232.5,1232.5,36032600,0.05679838726070363,0.055243948165676716
2026-06-03,1196.7039794921875,1222.5999755859375,1249.9000244140625,1216.0,1242.0999755859375,18534303,-0.037928963126298454,-0.038666988138627935
2026-06-04,1175.855224609375,1201.300048828125,1215.199951171875,1196.199951171875,1208.0,12755957,-0.01742181461756276,-0.017575360407490023
2026-06-05,1172.1357421875,1197.5,1223.800048828125,1194.300048828125,1220.0,8692290,-0.003163214606722198,-0.0031682281454372125
2026-06-08,1162.4453125,1187.5999755859375,1200.699951171875,1176.5,1177.5,8631711,-0.00826732718636769,-0.008301691065120173
2026-06-09,1155.300048828125,1180.300048828125,1193.5999755859375,1167.300048828125,1193.5999755859375,10984054,-0.006146752535401534,-0.006165721590774433
2026-06-10,1145.300048828125,1145.300048828125,1171.4000244140625,1143.300048828125,1160.0999755859375,8887626,-0.00865576004272095,-0.008693438716277204
2026-06-11,1114.5999755859375,1114.5999755859375,1133.699951171875,1109.0,1129.699951171875,9372176,-0.02680526668413219,-0.027171079805592302
2026-06-12,1116.4000244140625,1116.4000244140625,1123.300048828125,1111.5,1120.0,8075333,0.0016149729656855794,0.0016136702991711783
2026-06-15,1134.9000244140625,1134.9000244140625,1151.0,1123.0,1130.0,7856192,0.016571121099455022,0.016435318288446802
2026-06-16,1143.5999755859375,1143.5999755859375,1153.800048828125,1123.199951171875,1136.9000244140625,10456090,0.007665830456182077,0.007636597280552803
2026-06-17,1157.699951171875,1157.699951171875,1162.5,1148.0,1149.0,5995119,0.012329464748994212,0.01225407593511584
2026-06-18,1127.5,1127.5,1142.9000244140625,1125.300048828125,1142.9000244140625,16781447,-0.02608616433066724,-0.026432443658010736
2026-06-19,1051.4000244140625,1051.4000244140625,1066.0,1030.0,1062.300048828125,45665442,-0.06749443510947895,-0.06988015977095863
2026-06-22,1065.4000244140625,1065.4000244140625,1080.300048828125,1055.0,1055.0,10178505,0.013315578918501547,0.013227705792419242
2026-06-23,1029.300048828125,1029.300048828125,1055.300048828125,1026.0,1053.800048828125,19323064,-0.03388396354298129,-0.034471331427595356
2026-06-24,1056.5999755859375,1056.5999755859375,1065.5,1037.699951171875,1040.9000244140625,12346266,0.026522807211457833,0.02617717565326762
2026-06-25,1041.199951171875,1041.199951171875,1068.0,1039.0999755859375,1065.0,15866779,-0.014575075496781498,-0.0146823353995666
2026-06-26,1041.199951171875,1041.199951171875,1041.199951171875,1041.199951171875,1041.199951171875,0,0.0,0.0
2026-06-29,1036.699951171875,1036.699951171875,1046.5999755859375,1029.0999755859375,1037.0999755859375,15080892,-0.004321936430111473,-0.00433130299490527
2026-06-30,1000.4000244140625,1000.4000244140625,1030.4000244140625,996.0,1030.0,24128263,-0.03501488228756977,-0.035642599821730105
2026-07-01,985.2999877929688,985.2999877929688,1014.0,982.4000244140625,1006.0,13037982,-0.015093998653126661,-0.015209072468487442
2026-07-02,1040.9000244140625,1040.9000244140625,1045.0,1006.0,1006.4000244140625,18741111,0.05642955172021824,0.05489487503690809
2026-07-03,1047.199951171875,1047.199951171875,1068.699951171875,1042.0,1063.0,11653534,0.006052384100345032,0.006034141992188193
2026-07-06,1042.199951171875,1042.199951171875,1053.0,1033.0,1050.0999755859375,5559747,-0.0047746373502067785,-0.004786072344272466
2026-07-07,1071.800048828125,1071.800048828125,1087.5,1040.5999755859375,1040.5999755859375,18866296,0.02840155348593809,0.028005706993771574
2026-07-08,1069.300048828125,1069.300048828125,1079.699951171875,1064.4000244140625,1071.9000244140625,13022221,-0.0023325246184989767,-0.002335249191627414
2026-07-09,1050.800048828125,1050.800048828125,1062.699951171875,1040.4000244140625,1062.699951171875,9003333,-0.017301037272255515,-0.01745244914728895
2026-07-10,1068.0,1068.0,1091.300048828125,1064.699951171875,1075.0,9747266,0.01636843392903975,0.016235915241184014
2026-07-13,1102.5999755859375,1102.5999755859375,1114.9000244140625,1057.0999755859375,1057.0999755859375,20994760,0.03239698088570919,0.03188326449317674
2026-07-14,1092.9000244140625,1092.9000244140625,1113.5,1090.0,1107.800048828125,14819413,-0.00879734390227993,-0.008836268991900355
2026-07-15,1076.300048828125,1076.300048828125,1088.0999755859375,1073.0,1079.0,8499707,-0.015188924160594919,-0.01530545738451543
